url,text
https://www.apartments.com/san-francisco-ca/,"Isle House
39 Bruton St, San Francisco, CA 94130
Virtual Tours
Studio
$3,557
1 Bed
$3,647+
2 Beds+
$4,587+
Total Monthly Price
SPECIALS

Pets Allowed Fitness Center In Unit Washer & Dryer High-Speed Internet Controlled Access Concierge Rooftop Deck

(628) 210-3053
Email"
https://www.apartments.com/san-francisco-ca/,"399 Fremont
375-399 Fremont St, San Francisco, CA 94105
Videos
Virtual Tours
Studio
$3,534+
1 Bed
$4,532+
2 Beds
$6,276+

Pets Allowed Fitness Center Pool Balcony High-Speed Internet Stainless Steel Appliances

(510) 822-8932
Email"
https://www.apartments.com/san-francisco-ca/,"Parkmerced Apartments
3711 19th Ave, San Francisco, CA 94132
Videos
Virtual Tours
1 Bed
$2,450+
2 Beds
$3,150+
3 Beds
$4,695+
SPECIALS

Pets Allowed Fitness Center Clubhouse Maintenance on site Business Center Elevator

(650) 761-9527
Email"
https://www.apartments.com/san-francisco-ca/,"Channel Mission Bay
185 Channel St, San Francisco, CA 94158
Videos
Virtual Tours
Studio
$3,659+
1 Bed
$4,162+
2 Beds
$6,164+

Pets Allowed Fitness Center Pool Kitchen In Unit Washer & Dryer Walk-In Closets

(510) 288-9715
Email"
https://www.apartments.com/san-francisco-ca/,"The Civic
101-103 Polk St, San Francisco, CA 94102
Videos
Virtual Tours
Studio
$2,997+
1 Bed
$3,109+
2 Beds
$3,833+
SPECIALS

Pets Allowed Fitness Center Dishwasher Refrigerator Kitchen In Unit Washer & Dryer Walk-In Closets

(510) 422-4157
Email"
https://www.apartments.com/san-francisco-ca/,"150 Van Ness
150 Van Ness Ave, San Francisco, CA 94102
Virtual Tours
Studio
$2,795+
1 Bed
$3,200+
2 Beds+
$4,100+

Pets Allowed Fitness Center Pool Dishwasher Refrigerator Kitchen In Unit Washer & Dryer

(415) 818-9936
Email"
https://www.apartments.com/san-francisco-ca/,"HQ
1532 Harrison St, San Francisco, CA 94103
Videos
Virtual Tours
Studio
$2,855+
2 Beds
$3,871+

Pets Allowed Fitness Center Dishwasher Kitchen In Unit Washer & Dryer Balcony Range

(510) 272-7239
Email"
https://www.apartments.com/san-francisco-ca/,"Hanover Soma West
1140 Harrison St, San Francisco, CA 94103
Videos
Virtual Tours
Studio
$2,893+
1 Bed
$3,541+
2 Beds+
$3,826+
SPECIALS

Pets Allowed Pool Dishwasher Refrigerator Kitchen In Unit Washer & Dryer

(415) 855-2423
Email"
https://www.apartments.com/san-francisco-ca/,"Lakewood Apartments At Lake Merced
515 John Muir Dr, San Francisco, CA 94132
Videos
Virtual Tours
Studio
$2,328+
1 Bed
$2,549+
2 Beds
$4,099+

Fitness Center Pool Dishwasher Refrigerator Kitchen Walk-In Closets

(650) 870-2375
Email"
https://www.apartments.com/san-francisco-ca/,"Edgewater
355 Berry St, San Francisco, CA 94158
Videos
Virtual Tours
Studio
$3,807
1 Bed
$4,176+

Pets Allowed Fitness Center Kitchen In Unit Washer & Dryer Walk-In Closets Balcony High-Speed Internet

(510) 306-7527
Email"
https://www.apartments.com/san-francisco-ca/,"2000 Post
1777 Steiner St, San Francisco, CA 94115
Videos
Virtual Tours
Studio
$3,399+
1 Bed
$3,939+
2 Beds
$5,127+

Pets Allowed Fitness Center Pool Walk-In Closets High-Speed Internet Stainless Steel Appliances Ceiling Fans

(510) 694-4010
Email"
https://www.apartments.com/san-francisco-ca/,"NEMA
8 10th St, San Francisco, CA 94103
Videos
Virtual Tours
Studio
$3,366+
1 Bed
$4,235+
2 Beds
$6,300+
SPECIALS

Pets Allowed Fitness Center Pool Dishwasher Refrigerator In Unit Washer & Dryer Walk-In Closets

(510) 345-2427
Email"
https://www.apartments.com/san-francisco-ca/,"100 Van Ness
100 Van Ness Ave, San Francisco, CA 94102
Videos
Virtual Tours
Studio
$3,158+
1 Bed
$4,306+
2 Beds
$5,690+

Pets Allowed Fitness Center Pool Dishwasher Refrigerator Kitchen

(415) 707-2873
Email"
https://www.apartments.com/san-francisco-ca/,"388 Beale
388 Beale St, San Francisco, CA 94105
Videos
Virtual Tours
1 Bed
$4,858+

Pets Allowed Fitness Center In Unit Washer & Dryer Walk-In Closets Balcony Maintenance on site High-Speed Internet

(650) 822-0017
Email"
https://www.apartments.com/san-francisco-ca/,"Westlake Apartments
331 Park Plaza Dr, Daly City, CA 94015
Videos
Virtual Tours
Studio
$2,100+
1 Bed
$2,071+
2 Beds+
$2,855+
Total Monthly Price
SPECIALS

Pets Allowed Walk-In Closets Balcony Maintenance on site CableReady Elevator Laundry Facilities

(415) 969-2255
Email"
https://www.apartments.com/san-francisco-ca/,"Pacific Place Apartments
2665 Geneva Ave, Daly City, CA 94014
Videos
Virtual Tours
1 Bed
$3,195+

Fitness Center Dishwasher In Unit Washer & Dryer Walk-In Closets Range Disposal Microwave

(415) 967-7178
Email"
https://www.apartments.com/san-francisco-ca/,"1188 Mission at Trinity Place
1188 Mission St, San Francisco, CA 94103
Videos
Virtual Tours
1 Bed
$2,409+
Total Monthly Price

Fitness Center High-Speed Internet Elevator

(650) 488-6956
Email"
https://www.apartments.com/san-francisco-ca/,"1190 Mission at Trinity Place
1190 Mission St, San Francisco, CA 94103
Videos
Virtual Tours
1 Bed
$2,875+
Total Monthly Price

Pets Allowed Fitness Center

(650) 267-2230
Email"
https://www.apartments.com/san-francisco-ca/,"Jasper
45 Lansing St, San Francisco, CA 94105
Videos
Virtual Tours
Studio
$4,677+
1 Bed
$4,721+
Total Monthly Price
SPECIALS

Pets Allowed Fitness Center Pool Dishwasher Refrigerator Kitchen

(628) 230-5478
Email"
https://www.apartments.com/san-francisco-ca/,"Towers at Rincon
88 Howard St, San Francisco, CA 94105
Videos
Virtual Tours
1 Bed
$4,473+
2 Beds
$5,955+
Total Monthly Price

Pets Allowed Walk-In Closets Clubhouse High-Speed Internet Business Center Controlled Access Concierge

(415) 347-6943
Email"
https://www.apartments.com/san-francisco-ca/,"1177 Market at Trinity Place
1177 Market St, San Francisco, CA 94103
Videos
Virtual Tours
1 Bed
$3,050+
2 Beds
$3,656+
Total Monthly Price

Pets Allowed Fitness Center Stainless Steel Appliances Granite Countertops

(650) 870-9528
Email"
https://www.apartments.com/san-francisco-ca/,"Ventana Residences
99 Ocean Ave, San Francisco, CA 94112
Videos
Virtual Tours
Studio
$2,591
2 Beds
$3,856+
3 Beds
$5,084+
Total Monthly Price
SPECIALS

Pets Allowed Fitness Center In Unit Washer & Dryer High-Speed Internet Stainless Steel Appliances Business Center Hardwood Floors

(628) 237-0992
Email"
https://www.apartments.com/san-francisco-ca/,"Alta Potrero
1301 16th St, San Francisco, CA 94103
Virtual Tours
Studio
$3,642+
1 Bed
$3,829+
2 Beds+
$5,207+
Total Monthly Price

Pets Allowed Fitness Center Grill Courtyard

(415) 423-2395
Email"
https://www.apartments.com/san-francisco-ca/,"Geary Courtyard
639 Geary St, San Francisco, CA 94102
Videos
Virtual Tours
Studio
$2,273+
1 Bed
$2,648
Total Monthly Price
SPECIALS

Pets Allowed High-Speed Internet Stainless Steel Appliances Business Center Package Service Controlled Access Concierge

(415) 917-4760
Email"
https://www.apartments.com/san-francisco-ca/,"33 8th at Trinity Place
33 8th St, San Francisco, CA 94103
Videos
Virtual Tours
1 Bed
$3,334+
2 Beds
$4,242+
Total Monthly Price

Pets Allowed Fitness Center Elevator

(650) 866-8896
Email"
https://www.apartments.com/san-francisco-ca/,"The Fillmore Center
1475 Fillmore St, San Francisco, CA 94115
Videos
Virtual Tours
Studio
$2,544+
1 Bed
$2,965+
2 Beds+
$4,327+
Total Monthly Price

Pets Allowed Fitness Center In Unit Washer & Dryer Walk-In Closets High-Speed Internet Stainless Steel Appliances Controlled Access

(510) 761-3944
Email"
https://www.apartments.com/san-francisco-ca/,"Solaire
299 Fremont St, San Francisco, CA 94105
Videos
Virtual Tours
Studio
$4,242+
1 Bed
$4,386+
2 Beds
$6,420+
Total Monthly Price

Pets Allowed Fitness Center Pool In Unit Washer & Dryer Stainless Steel Appliances Business Center Controlled Access

(628) 288-7071
Email"
https://www.apartments.com/san-francisco-ca/,"Spera
39 Tehama St, San Francisco, CA 94105
Videos
Virtual Tours
1 Bed
$4,453+
SPECIALS

Pets Allowed Fitness Center In Unit Washer & Dryer Package Service Controlled Access Concierge EV Charging

(628) 240-0985
Email"
https://www.apartments.com/san-francisco-ca/,"L Seven
1222 Harrison St, San Francisco, CA 94103
Videos
Virtual Tours
Studio
$3,122+
1 Bed
$3,608+
2 Beds
$4,282+

Pets Allowed Fitness Center In Unit Washer & Dryer Balcony Patio Stainless Steel Appliances Grill

(510) 851-8080
Email"
https://www.apartments.com/san-francisco-ca/,"FOUND Study San Francisco | Student Housing
16 Turk St, San Francisco, CA 94102
Virtual Tours
1 Bed
$850+
SPECIALS

Heat High-Speed Internet Controlled Access Elevator Laundry Facilities

(510) 871-9087
Email"
https://www.apartments.com/san-francisco-ca/,"Quincy
555-585 Bryant St, San Francisco, CA 94107
Studio
$4,154+
1 Bed
$4,414+
2 Beds
$5,213+
1 MONTH FREE

Pets Allowed Fitness Center In Unit Washer & Dryer Concierge EV Charging Rooftop Deck

(415) 498-1472
Email"
https://www.apartments.com/san-francisco-ca/,"The Fitzgerald
2095 Bryant St, San Francisco, CA 94110
Videos
Virtual Tours
1 Bed
$4,085

Pets Allowed Fitness Center Dishwasher In Unit Washer & Dryer Grill Gated Rooftop Deck

(650) 379-0393
Email"
https://www.apartments.com/san-francisco-ca/,"Hawkins
77 Bruton St, San Francisco, CA 94130
Videos
Virtual Tours
Studio
$2,368+
1 Bed
$2,809+
2 Beds+
$3,190+
2 MONTHS FREE

Pets Allowed Stainless Steel Appliances Grill Courtyard EV Charging

(628) 363-2279
Email"
https://www.apartments.com/san-francisco-ca/,"Lark Landing
230 Folsom St, San Francisco, CA 94105
Studio
$860+
1 Bed
$898+
2 Beds+
$1,084+
SPECIALS

High-Speed Internet Business Center Elevator Rooftop Deck

(628) 267-3954
Email"
https://www.apartments.com/san-francisco-ca/,"Tower 737 Condominium Rentals
737 Post St, San Francisco, CA 94109
Virtual Tours
Studio
$2,324+
1 Bed
$2,921+
2 Beds
$3,518+
1 MONTH FREE

Pets Allowed Fitness Center Kitchen Balcony Stainless Steel Appliances Business Center Carpet

(341) 766-0859
Email"
https://www.apartments.com/san-francisco-ca/,"333 Fremont
333 Fremont St, San Francisco, CA 94105
Virtual Tours
1-2 Beds
Call for Rent

Pets Allowed In Unit Washer & Dryer

(415) 449-8201
Email"
https://www.apartments.com/san-francisco-ca/,"The Gateway
460 Davis Ct, San Francisco, CA 94111
Virtual Tours
Studio
$2,413+
1 Bed
$4,266+
2 Beds+
$5,008+

Pets Allowed In Unit Washer & Dryer Stainless Steel Appliances Controlled Access Hardwood Floors Elevator

(510) 757-9988
Email"
https://www.apartments.com/san-francisco-ca/,"Soma at 788
788 Harrison St, San Francisco, CA 94107
Videos
Virtual Tours
Studio
$3,034+
1 Bed
$3,963+
2 Beds
$4,773+

Pets Allowed Fitness Center Dishwasher Refrigerator Kitchen In Unit Washer & Dryer Walk-In Closets

(510) 930-1175
Email"
https://www.apartments.com/san-francisco-ca/,"The Presidio Residences
222 Halleck St, San Francisco, CA 94129
Videos
Virtual Tours
1 Bed
$3,590+
2 Beds
$4,245+
4 Beds
$6,550+

Pets Allowed Dishwasher Kitchen Range Heat Oven Tub / Shower

(650) 761-7424
Email"
https://www.apartments.com/san-francisco-ca/,"The Cornelia Suites
641 O'Farrell St, San Francisco, CA 94109
Videos
Virtual Tours
Studio
$1,600+

Pets Allowed Refrigerator Kitchen Microwave Controlled Access Hardwood Floors Elevator

(650) 677-8874
Email"
https://www.apartments.com/bay-area-ca/,"Isle House
39 Bruton St, San Francisco, CA 94130
Virtual Tours
Studio
$3,557
1 Bed
$3,647+
2 Beds+
$4,587+
Total Monthly Price
SPECIALS

Pets Allowed Fitness Center In Unit Washer & Dryer High-Speed Internet Controlled Access Concierge Rooftop Deck

(628) 210-3053
Email"
https://www.apartments.com/bay-area-ca/,"Maxwell at Bascom
1350 S Bascom Ave, San Jose, CA 95128
Videos
Virtual Tours
Studio
$3,087+
1 Bed
$3,306+
2 Beds
$4,542+
Total Monthly Price
2 MONTHS FREE

Fitness Center Pool In Unit Washer & Dryer High-Speed Internet Stainless Steel Appliances Package Service

(669) 201-3296
Email"
https://www.apartments.com/bay-area-ca/,"Del Coronado Apartments
5255 Camden Ave, San Jose, CA 95124
Videos
Virtual Tours
2 Beds
$2,788

Pool Maintenance on site High-Speed Internet Hardwood Floors Online Services Playground Smoke Free

(669) 201-7047
Email"
https://www.apartments.com/bay-area-ca/,"Fourth and U
2020 4th St, Berkeley, CA 94710
1 Bed
$2,466+
2 Beds
$3,103+

Pets Allowed Pool Refrigerator Kitchen In Unit Washer & Dryer Walk-In Closets

(510) 800-6420
Email"
https://www.apartments.com/bay-area-ca/,"The Woods Apartments
4300 The Woods Dr, San Jose, CA 95136
Videos
Virtual Tours
Studio
$1,945+
1 Bed
$2,425+
2 Beds+
$2,795+
1 MONTH FREE

Cats Allowed Fitness Center Pool Dishwasher Refrigerator Kitchen

(669) 444-4023
Email"
https://www.apartments.com/bay-area-ca/,"Independence in Dixon
1905 N 1st St, Dixon, CA 95620
Virtual Tours
2 Beds
$2,897+
3 Beds
$3,599+

Pets Allowed Fitness Center Pool In Unit Washer & Dryer Patio Stainless Steel Appliances Ceiling Fans

(909) 404-9755
Email"
https://www.apartments.com/bay-area-ca/,"Aquatic Higby
3015 San Pablo Ave, Berkeley, CA 94702
Videos
Virtual Tours
1 Bed
$2,564+
2 Beds
$3,548+
Total Monthly Price
1 MONTH FREE

Pets Allowed Fitness Center In Unit Washer & Dryer High-Speed Internet Controlled Access EV Charging Rooftop Deck

(510) 721-2331
Email"
https://www.apartments.com/bay-area-ca/,"Serenity at Larkspur
700 Lincoln Village Cir, Larkspur, CA 94939
Videos
Virtual Tours
1 Bed
$3,000
2 Beds
$3,355+
Total Monthly Price
SPECIALS

Pets Allowed Pool Business Center Tennis Court

(415) 419-8743
Email"
https://www.apartments.com/bay-area-ca/,"Westlake Apartments
331 Park Plaza Dr, Daly City, CA 94015
Videos
Virtual Tours
Studio
$2,100+
1 Bed
$2,071+
2 Beds+
$2,855+
Total Monthly Price
SPECIALS

Pets Allowed Walk-In Closets Balcony Maintenance on site CableReady Elevator Laundry Facilities

(415) 969-2255
Email"
https://www.apartments.com/bay-area-ca/,"Parker
2038 Parker St, Berkeley, CA 94704
Videos
Virtual Tours
Studio
$2,657+
1 Bed
$3,023+
2 Beds
$4,830
Total Monthly Price
SPECIALS

Pets Allowed Fitness Center In Unit Washer & Dryer Stainless Steel Appliances Business Center Package Service Elevator

(341) 766-0510
Email"
https://www.apartments.com/bay-area-ca/,"Vaya
1800 Lacassie Ave, Walnut Creek, CA 94596
Videos
Virtual Tours
Studio
$2,248+
1 Bed
$2,877+
2 Beds
$4,553
Total Monthly Price
1 MONTH FREE

Pets Allowed Fitness Center Pool In Unit Washer & Dryer High-Speed Internet Stainless Steel Appliances Hardwood Floors

(925) 940-6669
Email"
https://www.apartments.com/bay-area-ca/,"Annadel
1020 Jennings Ave, Santa Rosa, CA 95401
Videos
Virtual Tours
1 Bed
$2,195+
2 Beds
$2,600+
3 Beds
$3,185
Total Monthly Price
SPECIALS

Pets Allowed Fitness Center In Unit Washer & Dryer Walk-In Closets Clubhouse Microwave Stainless Steel Appliances

(707) 634-8975
Email"
https://www.apartments.com/bay-area-ca/,"Prado
3560 Rambla Pl, Santa Clara, CA 95051
Videos
Virtual Tours
1 Bed
$2,541+
2 Beds
$4,485+
Total Monthly Price
2 MONTHS FREE

Pets Allowed Fitness Center Pool Walk-In Closets Stainless Steel Appliances Hardwood Floors EV Charging

(650) 770-2212
Email"
https://www.apartments.com/bay-area-ca/,"Sevens
777 W Middlefield Rd, Mountain View, CA 94043
Virtual Tours
Studio
$3,754+
1 Bed
$3,826+
2 Beds
$5,463+
Total Monthly Price
SPECIALS

Pets Allowed Fitness Center Pool In Unit Washer & Dryer Walk-In Closets Package Service Courtyard

(949) 390-5458
Email"
https://www.apartments.com/bay-area-ca/,"Vida at Morgan Hill
18303 Alpera Ln, Morgan Hill, CA 95037
Virtual Tours
1 Bed
$2,821+
2 Beds
$3,515+
Total Monthly Price
2 MONTHS FREE

Pets Allowed Fitness Center Pool In Unit Washer & Dryer Clubhouse Stainless Steel Appliances Package Service

(669) 219-8427
Email"
https://www.apartments.com/bay-area-ca/,"Felix
420 Mendocino Ave, Santa Rosa, CA 95401
Videos
Virtual Tours
Studio
$2,236+
1 Bed
$2,505+
2 Beds
$3,018+
Total Monthly Price
SPECIALS

Pets Allowed Fitness Center In Unit Washer & Dryer Stainless Steel Appliances Package Service Rooftop Deck

(707) 755-6621
Email"
https://www.apartments.com/bay-area-ca/,"Revery
1766 El Camino Real, Burlingame, CA 94010
Virtual Tours
1 Bed
$3,761+
2 Beds
$5,136+
3 Beds
$7,286+
Total Monthly Price

Pets Allowed Fitness Center Pool In Unit Washer & Dryer Stainless Steel Appliances Grill Rooftop Deck

(628) 241-1807
Email"
https://www.apartments.com/bay-area-ca/,"The Clara
5150 Calle del Sol, Santa Clara, CA 95054
Studio
$3,317+
1 Bed
$4,011+
2 Beds+
$5,465+
Total Monthly Price
SPECIALS

Pets Allowed Fitness Center Pool High-Speed Internet Concierge

(628) 225-3623
Email"
https://www.apartments.com/bay-area-ca/,"Passero
2230 Calle Del Mundo, Santa Clara, CA 95054
Videos
Virtual Tours
Studio
$3,017+
1 Bed
$3,396+
2 Beds
$4,572+
Total Monthly Price
2 MONTHS FREE

Pets Allowed Fitness Center Pool In Unit Washer & Dryer Clubhouse Granite Countertops

(628) 225-3992
Email"
https://www.apartments.com/bay-area-ca/,"The Highlander
620 Iris Ave, Sunnyvale, CA 94086
Videos
Virtual Tours
1 Bed
$2,195+
2 Beds
$2,795
3 Beds
$3,295

Cats Allowed Fitness Center Pool Grill Package Service Courtyard Hardwood Floors

(650) 334-1065
Email"
https://www.apartments.com/bay-area-ca/,"Sommerset
591 Peabody Rd, Vacaville, CA 95687
Videos
Virtual Tours
1 Bed
$2,070
2 Beds
$1,999+

Pets Allowed Fitness Center Pool In Unit Washer & Dryer Walk-In Closets Stainless Steel Appliances Package Service

(707) 392-3346
Email"
https://www.apartments.com/bay-area-ca/,"Park Kiely
355 Kiely Blvd, San Jose, CA 95129
Videos
Virtual Tours
Studio
$1,999+
1 Bed
$2,349+
2 Beds
$2,870+

Fitness Center Pool Dishwasher Walk-In Closets Clubhouse Playground Basketball Court

(669) 268-3574
Email"
https://www.apartments.com/bay-area-ca/,"Fayette Arms Apartments
2680 Fayette Dr, Mountain View, CA 94040
Virtual Tours
1 Bed
$2,484+
2 Beds
$3,430+

Pets Allowed Pool Balcony Stainless Steel Appliances Controlled Access Laundry Facilities Smoke Free

(650) 800-8898
Email"
https://www.apartments.com/bay-area-ca/,"The Village at Town Center
6410 Schmidt Ln, El Cerrito, CA 94530
Virtual Tours
Studio
$2,130
1 Bed
$2,430
2 Beds
$2,730+

Pets Allowed Fitness Center Dishwasher Refrigerator Kitchen In Unit Washer & Dryer

(341) 999-2544
Email"
https://www.apartments.com/bay-area-ca/,"Cedar Glen
2275 S Bascom Ave, Campbell, CA 95008
Videos
Virtual Tours
1 Bed
$2,555+
2 Beds
$2,855+
3 Beds
$3,555+
SPECIALS

Pets Allowed Fitness Center Pool Dishwasher Refrigerator Kitchen

(669) 255-0625
Email"
https://www.apartments.com/bay-area-ca/,"Edgewater
355 Berry St, San Francisco, CA 94158
Videos
Virtual Tours
Studio
$3,807
1 Bed
$4,176+

Pets Allowed Fitness Center Kitchen In Unit Washer & Dryer Walk-In Closets Balcony High-Speed Internet

(510) 306-7527
Email"
https://www.apartments.com/bay-area-ca/,"2000 Post
1777 Steiner St, San Francisco, CA 94115
Videos
Virtual Tours
Studio
$3,399+
1 Bed
$3,939+
2 Beds
$5,127+

Pets Allowed Fitness Center Pool Walk-In Closets High-Speed Internet Stainless Steel Appliances Ceiling Fans

(510) 694-4010
Email"
https://www.apartments.com/bay-area-ca/,"Cherrywood Apartments
4951 Cherry Ave, San Jose, CA 95118
Videos
Virtual Tours
Studio
$2,465
1 Bed
$2,655+
2 Beds
$2,995+
1 MONTH FREE

Cats Allowed Fitness Center Pool Dishwasher Kitchen Walk-In Closets

(669) 400-0835
Email"
https://www.apartments.com/bay-area-ca/,"Pacific Place Apartments
2665 Geneva Ave, Daly City, CA 94014
Videos
Virtual Tours
1 Bed
$3,195+

Fitness Center Dishwasher In Unit Washer & Dryer Walk-In Closets Range Disposal Microwave

(415) 967-7178
Email"
https://www.apartments.com/bay-area-ca/,"NEMA
8 10th St, San Francisco, CA 94103
Videos
Virtual Tours
Studio
$3,366+
1 Bed
$4,235+
2 Beds
$6,300+
SPECIALS

Pets Allowed Fitness Center Pool Dishwasher Refrigerator In Unit Washer & Dryer Walk-In Closets

(510) 345-2427
Email"
https://www.apartments.com/bay-area-ca/,"Summerwood
21701 Foothill Blvd, Hayward, CA 94541
Videos
Virtual Tours
1 Bed
$2,199+
2 Beds
$2,499+
SPECIALS

Pets Allowed Fitness Center Pool Dishwasher Refrigerator Kitchen

(510) 876-9949
Email"
https://www.apartments.com/bay-area-ca/,"Anton 1101 Apartments
1101 N Fair Oaks Ave, Sunnyvale, CA 94089
Videos
Virtual Tours
Studio
$3,050+
1 Bed
$3,200+
2 Beds
$3,800+
SPECIALS

Pets Allowed Fitness Center Pool In Unit Washer & Dryer Clubhouse Controlled Access

(650) 405-4356
Email"
https://www.apartments.com/bay-area-ca/,"Renaissance Park Apartments
3000 Lillard Dr, Davis, CA 95618
Videos
Virtual Tours
1 Bed
$1,650+
2 Beds
$1,985+

Pets Allowed Fitness Center Pool In Unit Washer & Dryer Clubhouse High-Speed Internet Business Center

(530) 298-0788
Email"
https://www.apartments.com/bay-area-ca/,"100 Van Ness
100 Van Ness Ave, San Francisco, CA 94102
Videos
Virtual Tours
Studio
$3,158+
1 Bed
$4,306+
2 Beds
$5,690+

Pets Allowed Fitness Center Pool Dishwasher Refrigerator Kitchen

(415) 707-2873
Email"
https://www.apartments.com/bay-area-ca/,"Stoneridge Luxury Apartments
101 Hogan Ct, Walnut Creek, CA 94598
Videos
Virtual Tours
1 Bed
$2,372+
2 Beds
$2,638+
1 MONTH FREE

Pets Allowed Fitness Center Pool In Unit Washer & Dryer Controlled Access Hardwood Floors Tennis Court

(925) 940-3324
Email"
https://www.apartments.com/bay-area-ca/,"Creekside Gardens
300 Bel Air Dr, Vacaville, CA 95687
Videos
Virtual Tours
1 Bed
$1,999+
2 Beds
$2,299+
SPECIALS

Pets Allowed Fitness Center Pool In Unit Washer & Dryer High-Speed Internet Package Service

(707) 635-2833
Email"
https://www.apartments.com/bay-area-ca/,"Arrive Sonoma Ridge
2900 St Paul Dr, Santa Rosa, CA 95405
Virtual Tours
1 Bed
$2,145+
2 Beds
$2,810+
3 Beds
$2,855+

Pets Allowed Fitness Center Pool Dishwasher Refrigerator Kitchen

(707) 634-8737
Email"
https://www.apartments.com/bay-area-ca/,"San Marco Villas
2000 Villa Dr, Pittsburg, CA 94565
Videos
Virtual Tours
1 Bed
$2,100+
2 Beds
$2,569+

Pets Allowed Fitness Center Pool Kitchen In Unit Washer & Dryer Walk-In Closets

(925) 477-4793
Email"
https://www.apartments.com/bay-area-ca/,"388 Beale
388 Beale St, San Francisco, CA 94105
Videos
Virtual Tours
1 Bed
$4,858+

Pets Allowed Fitness Center In Unit Washer & Dryer Walk-In Closets Balcony Maintenance on site High-Speed Internet

(650) 822-0017
Email"
https://www.apartments.com/bay-area-ca/,"Latitude 37
1255 Babb Ct, San Jose, CA 95125
Videos
2 Beds
$3,100+

Pets Allowed Fitness Center Pool In Unit Washer & Dryer

(669) 273-7747
Email"
https://www.apartments.com/mountain-view-ca/,"Sevens
777 W Middlefield Rd, Mountain View, CA 94043
Virtual Tours
Studio
$3,754+
1 Bed
$3,826+
2 Beds
$5,463+
Total Monthly Price
SPECIALS

Pets Allowed Fitness Center Pool In Unit Washer & Dryer Walk-In Closets Package Service Courtyard

(949) 390-5458
Email"
https://www.apartments.com/mountain-view-ca/,"Fayette Arms Apartments
2680 Fayette Dr, Mountain View, CA 94040
Virtual Tours
1 Bed
$2,484+
2 Beds
$3,430+

Pets Allowed Pool Balcony Stainless Steel Appliances Controlled Access Laundry Facilities Smoke Free

(650) 800-8898
Email"
https://www.apartments.com/mountain-view-ca/,"Rowe at Pear Village
1265 Pear Ave, Mountain View, CA 94043
Videos
Virtual Tours
1 Bed
$3,769+
2 Beds
$5,229+
Total Monthly Price
1 MONTH FREE

Pets Allowed Fitness Center Pool In Unit Washer & Dryer Clubhouse High-Speed Internet Stainless Steel Appliances

(650) 695-6885
Email"
https://www.apartments.com/mountain-view-ca/,"Landsby
2580-2590 California St, Mountain View, CA 94040
Virtual Tours
Studio
$3,779+
1 Bed
$3,767+
2 Beds+
$5,258+
Total Monthly Price
SPECIALS

Pets Allowed Fitness Center Pool In Unit Washer & Dryer Stainless Steel Appliances Controlled Access Hardwood Floors

(650) 788-1605
Email"
https://www.apartments.com/mountain-view-ca/,"Verve
2020 W El Camino Real, Mountain View, CA 94040
Videos
Virtual Tours
1 Bed
$3,703+
2 Beds
$4,939+

Pets Allowed Fitness Center Pool In Unit Washer & Dryer Walk-In Closets Clubhouse

(650) 644-4779
Email"
https://www.apartments.com/mountain-view-ca/,"Birch Creek
575 S Rengstorff Ave, Mountain View, CA 94040
Virtual Tours
1 Bed
$3,081+
2 Beds
$3,915+

Pets Allowed Fitness Center Pool Dishwasher In Unit Washer & Dryer Walk-In Closets Clubhouse

(650) 644-4762
Email"
https://www.apartments.com/mountain-view-ca/,"Park Square Apartments
1285 Montecito Ave, Mountain View, CA 94043
Videos
Virtual Tours
Studio
$2,250+
1 Bed
$2,875

Cats Allowed Fitness Center Pool Dishwasher Refrigerator Kitchen

(650) 215-6875
Email"
https://www.apartments.com/mountain-view-ca/,"Naya
1095 W El Camino Real, Sunnyvale, CA 94087
Virtual Tours
1 Bed
$3,682+
2 Beds
$4,766+
Total Monthly Price

Pets Allowed Fitness Center Pool Dishwasher Refrigerator Kitchen

(650) 668-3442
Email"
https://www.apartments.com/mountain-view-ca/,"Palm Villa
1209-1235 Ayala Dr, Sunnyvale, CA 94086
Videos
Virtual Tours
Studio
$2,095
1 Bed
$2,250+
2 Beds
$2,725+

Cats Allowed Pool Dishwasher Refrigerator Kitchen Balcony Range

(650) 603-5162
Email"
https://www.apartments.com/mountain-view-ca/,"Cherryhill
902 W Remington Dr, Sunnyvale, CA 94087
Videos
Virtual Tours
1 Bed
$2,550+
2 Beds
$2,995+
3 Beds
$4,575

Pets Allowed Dishwasher Disposal Courtyard

(650) 250-0594
Email"
https://www.apartments.com/mountain-view-ca/,"Windemere Apartments
395-396 Ano Nuevo Ave, Sunnyvale, CA 94085
Videos
Virtual Tours
1 Bed
$2,550+
2 Beds
$3,250+

Cats Allowed Fitness Center Pool Dishwasher Refrigerator Kitchen Walk-In Closets

(650) 681-8256
Email"
https://www.apartments.com/mountain-view-ca/,"The Meadows Apartments
1000 Escalon Ave, Sunnyvale, CA 94085
Videos
Virtual Tours
1 Bed
$3,250+
2 Beds
$3,950+

Cats Allowed Fitness Center Pool In Unit Washer & Dryer Clubhouse Maintenance on site Playground

(650) 668-1149
Email"
https://www.apartments.com/berkeley-ca/,"Fourth and U
2020 4th St, Berkeley, CA 94710
1 Bed
$2,466+
2 Beds
$3,103+

Pets Allowed Pool Refrigerator Kitchen In Unit Washer & Dryer Walk-In Closets

(510) 800-6420
Email"
https://www.apartments.com/berkeley-ca/,"Parker
2038 Parker St, Berkeley, CA 94704
Videos
Virtual Tours
Studio
$2,657+
1 Bed
$3,023+
2 Beds
$4,830
Total Monthly Price
SPECIALS

Pets Allowed Fitness Center In Unit Washer & Dryer Stainless Steel Appliances Business Center Package Service Elevator

(341) 766-0510
Email"
https://www.apartments.com/berkeley-ca/,"Aquatic Higby
3015 San Pablo Ave, Berkeley, CA 94702
Videos
Virtual Tours
1 Bed
$2,564+
2 Beds
$3,548+
Total Monthly Price
1 MONTH FREE

Pets Allowed Fitness Center In Unit Washer & Dryer High-Speed Internet Controlled Access EV Charging Rooftop Deck

(510) 721-2331
Email"
https://www.apartments.com/berkeley-ca/,"B28
2028 Bancroft Way, Berkeley, CA 94704
Virtual Tours
2 Beds
$3,895
3 Beds
$6,195+

Pets Allowed Fitness Center Pool Dishwasher Refrigerator Kitchen

(341) 999-5647
Email"
https://www.apartments.com/berkeley-ca/,"FOUND Study Downtown Berkeley
2024 Durant Ave, Berkeley, CA 94704
Videos
Virtual Tours
Studio
$1,450
1 Bed
$1,450+
2 Beds+
$1,185+

In Unit Washer & Dryer Stainless Steel Appliances Ceiling Fans EV Charging Rooftop Deck Furnished

(510) 721-2335
Email"
https://www.apartments.com/berkeley-ca/,"FOUND Study Southside Berkeley
2201 Dwight Way, Berkeley, CA 94704
Videos
Virtual Tours
2 Beds
$933+
4 Beds
$890+

Fitness Center Gated Elevator Laundry Facilities Rooftop Deck Furnished

(341) 999-3385
Email"
https://www.apartments.com/berkeley-ca/,"URSA Berkeley
2124 Bancroft Way, Berkeley, CA 94704
Videos
Virtual Tours
1 Bed
$2,895

Pets Allowed Dishwasher Controlled Access Granite Countertops Hardwood Floors Elevator Laundry Facilities

(510) 369-5829
Email"
https://www.apartments.com/berkeley-ca/,"The Durant (new)
2631 Durant Ave, Berkeley, CA 94704
Videos
Virtual Tours
Studio
$1,800+
2 Beds
$1,450+
Total Monthly Price

Refrigerator Kitchen Range Microwave CableReady Oven

(341) 999-2396
Email"
https://www.apartments.com/berkeley-ca/,"Hillside Village
1801 Shattuck Ave, Berkeley, CA 94709
Videos
Studio
$3,115
1 Bed
$3,210+
2 Beds+
$1,900+
Total Monthly Price

Pets Allowed Maintenance on site Heat High-Speed Internet Stainless Steel Appliances Controlled Access Granite Countertops

(510) 680-1868
Email"
https://www.apartments.com/berkeley-ca/,"Aquatic Fourth Street
2010 5th St, Berkeley, CA 94710
Virtual Tours
Studio
$2,804+
1 Bed
$2,992+
2 Beds
$3,849+
Total Monthly Price
SPECIALS

Pets Allowed Fitness Center In Unit Washer & Dryer High-Speed Internet Elevator Rooftop Deck

(510) 588-5910
Email"
https://www.apartments.com/berkeley-ca/,"Panoramic Northside
1752 Shattuck Ave, Berkeley, CA 94709
Studio
$2,790+
2 Beds
$3,500+
3 Beds+
$5,650+
1 MONTH FREE

Dishwasher High-Speed Internet Laundry Facilities Rooftop Deck Furnished Individual Locking Bedrooms

(510) 291-9838
Email"
https://www.apartments.com/berkeley-ca/,"Pique Berkeley
2587-2589 Telegraph Ave, Berkeley, CA 94704
4 Beds
$1,629+
5 Beds
$1,499
6 Beds
$1,169+

Pets Allowed Fitness Center Balcony Courtyard

(510) 800-9611
Email"
https://www.apartments.com/berkeley-ca/,"Stadium Place Apartments
2310 Fulton St, Berkeley, CA 94704
Virtual Tours
Studio
$2,595+
1 Bed
$2,995+
2 Beds
$3,995+

Pets Allowed Fitness Center Dishwasher Refrigerator Kitchen Clubhouse Range

(510) 878-6456
Email"
https://www.apartments.com/berkeley-ca/,"Parker House
2511 Parker St, Berkeley, CA 94704
Virtual Tours
3 Beds
$4,995

Pets Allowed Refrigerator Range Disposal Microwave CableReady Patio

(510) 330-2442
Email"
https://www.apartments.com/berkeley-ca/,"2124 Parker
2124 Parker St, Berkeley, CA 94704
3 Beds
$954+
4 Beds
$1,505+

Dishwasher In Unit Washer & Dryer Gated Furnished

(510) 495-1769
Email"
https://www.apartments.com/berkeley-ca/,"Warring Street Apartments
2461 Warring St, Berkeley, CA 94704
Videos
Virtual Tours
1 Bed
$2,450
2 Beds
$3,650+

Refrigerator Balcony Maintenance on site Disposal CableReady High-Speed Internet Patio

(341) 237-4241
Email"
https://www.apartments.com/berkeley-ca/,"Spectra Southside (Student)
2338 Telegraph Ave, Berkeley, CA 94704
Virtual Tours
1 Bed
$999

Dishwasher Heat High-Speed Internet Package Service Hardwood Floors Elevator Laundry Facilities

(510) 756-2507
Email"
https://www.apartments.com/berkeley-ca/,"The Harmony Collective
1831-1835 Harmon St, Berkeley, CA 94703
Videos
Virtual Tours
1 Bed
$1,250+

In Unit Washer & Dryer Heat Ceiling Fans Smoke Free Individual Locking Bedrooms

(341) 217-4313
Email"
https://www.apartments.com/berkeley-ca/,"Hub Bancroft
2300 Bowditch St, Berkeley, CA 94704
Videos
Virtual Tours
Studio
$1,889+
1 Bed
$2,434+
2 Beds
$1,849+

Pets Allowed

(510) 372-0559
Email"
https://www.apartments.com/berkeley-ca/,"47Hundred
4700 Telegraph Ave, Oakland, CA 94609
Videos
Virtual Tours
Studio
$2,403
1 Bed
$3,341+
Total Monthly Price
1 MONTH FREE

Pets Allowed In Unit Washer & Dryer Walk-In Closets High-Speed Internet Stainless Steel Appliances Hardwood Floors Rooftop Deck

(341) 999-3542
Email"
https://www.apartments.com/berkeley-ca/,"Bayview
6701 Shellmound St, Emeryville, CA 94608
Videos
Virtual Tours
Studio
$2,723
1 Bed
$3,033+
2 Beds+
$3,840+
SPECIALS

Pets Allowed Fitness Center

(341) 766-0941
Email"
https://www.apartments.com/berkeley-ca/,"Metro 510
510-512 El Cerrito Plz, El Cerrito, CA 94530
Videos
Virtual Tours
Studio
$2,425+
1 Bed
$2,800+
2 Beds+
$3,400+
1 MONTH FREE

Pets Allowed Fitness Center Dishwasher In Unit Washer & Dryer Walk-In Closets Balcony

(510) 616-9205
Email"
https://www.apartments.com/oakland-ca/,"Isle House
39 Bruton St, San Francisco, CA 94130
Virtual Tours
Studio
$3,557
1 Bed
$3,647+
2 Beds+
$4,587+
Total Monthly Price
SPECIALS

Pets Allowed Fitness Center In Unit Washer & Dryer High-Speed Internet Controlled Access Concierge Rooftop Deck

(628) 210-3053
Email"
https://www.apartments.com/oakland-ca/,"Fourth and U
2020 4th St, Berkeley, CA 94710
1 Bed
$2,466+
2 Beds
$3,103+

Pets Allowed Pool Refrigerator Kitchen In Unit Washer & Dryer Walk-In Closets

(510) 800-6420
Email"
https://www.apartments.com/oakland-ca/,"Residences at Lake Merritt
1940 Webster St, Oakland, CA 94612
Videos
Virtual Tours
Studio
$2,053+
1 Bed
$2,294+
2 Beds
$3,374
SPECIALS

Pets Allowed In Unit Washer & Dryer Stainless Steel Appliances

(833) 368-0630
Email"
https://www.apartments.com/oakland-ca/,"Portico Waterfront
37 8th Ave, Oakland, CA 94606
Videos
Virtual Tours
Studio
$1,946+
1 Bed
$2,578+
2 Beds+
$3,899+
SPECIALS

Pets Allowed Pool

(424) 238-3906
Email"
https://www.apartments.com/oakland-ca/,"The Lark
269 24th St, Oakland, CA 94612
Studio
$2,282+
1 Bed
$2,500+
2 Beds
$3,721+
1 MONTH FREE

Pets Allowed Fitness Center In Unit Washer & Dryer Clubhouse Patio Gated

(341) 222-1591
Email"
https://www.apartments.com/oakland-ca/,"Aquatic Higby
3015 San Pablo Ave, Berkeley, CA 94702
Videos
Virtual Tours
1 Bed
$2,564+
2 Beds
$3,548+
Total Monthly Price
1 MONTH FREE

Pets Allowed Fitness Center In Unit Washer & Dryer High-Speed Internet Controlled Access EV Charging Rooftop Deck

(510) 721-2331
Email"
https://www.apartments.com/oakland-ca/,"Parker
2038 Parker St, Berkeley, CA 94704
Videos
Virtual Tours
Studio
$2,657+
1 Bed
$3,023+
2 Beds
$4,830
Total Monthly Price
SPECIALS

Pets Allowed Fitness Center In Unit Washer & Dryer Stainless Steel Appliances Business Center Package Service Elevator

(341) 766-0510
Email"
https://www.apartments.com/oakland-ca/,"FOUND Study Downtown Berkeley
2024 Durant Ave, Berkeley, CA 94704
Videos
Virtual Tours
Studio
$1,450
1 Bed
$1,450+
2 Beds+
$1,185+

In Unit Washer & Dryer Stainless Steel Appliances Ceiling Fans EV Charging Rooftop Deck Furnished

(510) 721-2335
Email"
https://www.apartments.com/oakland-ca/,"FOUND Study Southside Berkeley
2201 Dwight Way, Berkeley, CA 94704
Videos
Virtual Tours
2 Beds
$933+
4 Beds
$890+

Fitness Center Gated Elevator Laundry Facilities Rooftop Deck Furnished

(341) 999-3385
Email"
https://www.apartments.com/oakland-ca/,"URSA Berkeley
2124 Bancroft Way, Berkeley, CA 94704
Videos
Virtual Tours
1 Bed
$2,895

Pets Allowed Dishwasher Controlled Access Granite Countertops Hardwood Floors Elevator Laundry Facilities

(510) 369-5829
Email"
https://www.apartments.com/oakland-ca/,"B28
2028 Bancroft Way, Berkeley, CA 94704
Virtual Tours
2 Beds
$3,895
3 Beds
$6,195+

Pets Allowed Fitness Center Pool Dishwasher Refrigerator Kitchen

(341) 999-5647
Email"
https://www.apartments.com/oakland-ca/,"Baxter on Broadway
4901 Broadway, Oakland, CA 94611
Videos
Virtual Tours
Studio
$2,231+
1 Bed
$2,430+
2 Beds
$4,142+
Total Monthly Price
SPECIALS

Pets Allowed Fitness Center In Unit Washer & Dryer Walk-In Closets Stainless Steel Appliances Hardwood Floors Rooftop Deck

(866) 283-6930
Email"
https://www.apartments.com/oakland-ca/,"Fourth Street East
150 4th St, Oakland, CA 94607
Videos
Virtual Tours
Studio
$2,205
1 Bed
$2,600+
2 Beds+
$3,170+
Total Monthly Price
2 MONTHS FREE

Pets Allowed Fitness Center Pool In Unit Washer & Dryer Clubhouse Stainless Steel Appliances Hardwood Floors

(510) 288-5413
Email"
https://www.apartments.com/oakland-ca/,"47Hundred
4700 Telegraph Ave, Oakland, CA 94609
Videos
Virtual Tours
Studio
$2,403
1 Bed
$3,341+
Total Monthly Price
1 MONTH FREE

Pets Allowed In Unit Washer & Dryer Walk-In Closets High-Speed Internet Stainless Steel Appliances Hardwood Floors Rooftop Deck

(341) 999-3542
Email"
https://www.apartments.com/oakland-ca/,"Atlas
385 14th St, Oakland, CA 94612
Videos
Virtual Tours
1 Bed
$2,745+
2 Beds
$3,810+
Total Monthly Price
1 MONTH FREE

Pets Allowed Fitness Center Pool In Unit Washer & Dryer Stainless Steel Appliances Elevator Rooftop Deck

(341) 766-0314
Email"
https://www.apartments.com/oakland-ca/,"Assembly
260 30th St, Oakland, CA 94611
Videos
Virtual Tours
Studio
$2,188+
1 Bed
$2,198+
2 Beds+
$3,000+
Total Monthly Price
2 MONTHS FREE

Pets Allowed Fitness Center In Unit Washer & Dryer Business Center Package Service Hardwood Floors Gated

(925) 403-4224
Email"
https://www.apartments.com/oakland-ca/,"Lantana Uptown
625 16th St, Oakland, CA 94612
Videos
Virtual Tours
Studio
$1,841
1 Bed
$2,431
2 Beds
$2,989+
Total Monthly Price
2 MONTHS FREE

Pets Allowed Fitness Center Dishwasher Refrigerator Kitchen In Unit Washer & Dryer

(628) 267-2978
Email"
https://www.apartments.com/oakland-ca/,"Quarryridge Apartments
4421 Gilbert St, Oakland, CA 94611
Videos
Virtual Tours
Studio
$1,800+
1 Bed
$2,200+
2 Beds
$2,650+

Cats Allowed Pool Maintenance on site Package Service Controlled Access Elevator Laundry Facilities

(341) 999-3522
Email"
https://www.apartments.com/oakland-ca/,"Domain Oakland
1389 Jefferson St, Oakland, CA 94612
Videos
Virtual Tours
Studio
$1,958+
1 Bed
$2,273+
2 Beds
$2,794+
2 MONTHS FREE

Pets Allowed Fitness Center

(415) 704-7171
Email"
https://www.apartments.com/oakland-ca/,"1900 Broadway
1950 Broadway, Oakland, CA 94612
Videos
Virtual Tours
Studio
$2,517+
1 Bed
$3,073+
2 Beds+
$4,753+
1 MONTH FREE

Pets Allowed Fitness Center Dishwasher Refrigerator In Unit Washer & Dryer Range

(341) 766-0283
Email"
https://www.apartments.com/oakland-ca/,"ReNew on Merritt
1130 E 3rd Ave, Oakland, CA 94606
Videos
Virtual Tours
1 Bed
$2,165+
2 Beds
$2,585+
3 MONTHS FREE

Pets Allowed Fitness Center Pool Dishwasher Refrigerator Kitchen

(510) 822-7869
Email"
https://www.apartments.com/oakland-ca/,"Mason At Hive
2350 Valley St, Oakland, CA 94612
Videos
Virtual Tours
Studio
$2,086+
1 Bed
$2,288+
2 Beds+
$3,204+

Pets Allowed Kitchen In Unit Washer & Dryer Walk-In Closets Balcony Range Maintenance on site

(415) 909-4572
Email"
https://www.apartments.com/oakland-ca/,"Town29
2919 Telegraph Ave, Oakland, CA 94609
Videos
Virtual Tours
Studio
$2,061+
1 Bed
$2,239+
2 Beds
$2,487+

Pets Allowed Fitness Center Dishwasher Refrigerator Kitchen In Unit Washer & Dryer

(510) 800-8913
Email"
https://www.apartments.com/oakland-ca/,"SKAIA
330 17th St, Oakland, CA 94612
Virtual Tours
Studio
$2,096+
1 Bed
$2,554+
2 Beds
$2,954+
SPECIALS

Pets Allowed Fitness Center

(510) 288-9780
Email"
https://www.apartments.com/oakland-ca/,"Hanover Northgate
2450 Valdez St, Oakland, CA 94612
Videos
Virtual Tours
Studio
$1,993+
1 Bed
$2,561+
2 Beds+
$2,789+
SPECIALS

Pool Dishwasher Refrigerator In Unit Washer & Dryer Walk-In Closets Clubhouse

(510) 422-0991
Email"
https://www.apartments.com/oakland-ca/,"Rasa Apartments
459 23rd St, Oakland, CA 94612
Videos
Virtual Tours
Studio
$2,036+
1 Bed
$2,379+
2 Beds
$2,828+

Pets Allowed Fitness Center Kitchen In Unit Washer & Dryer Clubhouse Balcony Maintenance on site

(510) 369-0598
Email"
https://www.apartments.com/oakland-ca/,"Channel House
40 Harrison St, Oakland, CA 94607
Videos
Virtual Tours
Studio
$1,893+
1 Bed
$2,295+
2 Beds+
$2,939+
2 MONTHS FREE

Pets Allowed Fitness Center Walk-In Closets Balcony Courtyard EV Charging

(510) 395-8527
Email"
https://www.apartments.com/oakland-ca/,"Eleven Fifty Clay Street
1150 Clay St, Oakland, CA 94612
Videos
Virtual Tours
Studio
$2,017+
1 Bed
$2,318+
3 Beds
$4,684
SPECIALS

Pets Allowed Fitness Center Kitchen Package Service Basketball Court

(925) 255-9737
Email"
https://www.apartments.com/oakland-ca/,"Rowhaus
2500 Webster St, Oakland, CA 94612
Videos
Virtual Tours
Studio
$1,896+
2 Beds
$2,723+

Pets Allowed In Unit Washer & Dryer Maintenance on site High-Speed Internet Grill Package Service Controlled Access

(415) 918-5393
Email"
https://www.apartments.com/oakland-ca/,"Monogram Apartments
421 25th St, Oakland, CA 94612
Videos
Virtual Tours
Studio
$1,984+
1 Bed
$2,284+
2 Beds+
$3,350+

Pets Allowed Fitness Center In Unit Washer & Dryer Maintenance on site Stainless Steel Appliances Grill Courtyard

(341) 766-0649
Email"
https://www.apartments.com/oakland-ca/,"** The Union ** Luxury and Modernity **
532 Union St, Oakland, CA 94607
Videos
Virtual Tours
Studio
$1,750
2 Beds
$2,645+

Pets Allowed Fitness Center

(510) 479-9613
Email"
https://www.apartments.com/oakland-ca/,"Link ApartmentsÂ® Four12
412 Madison St, Oakland, CA 94607
1 Bed
$2,199+
2 Beds
$2,871+
1 MONTH FREE

Pets Allowed Fitness Center Kitchen Balcony Range Maintenance on site

(510) 391-4251
Email"
https://www.apartments.com/oakland-ca/,"Prescott Station
2121 Wood St, Oakland, CA 94607
Videos
Virtual Tours
1 Bed
$1,875+
SPECIALS

Pets Allowed Fitness Center Clubhouse High-Speed Internet Stainless Steel Appliances Hardwood Floors Gated

(510) 694-1767
Email"
https://www.apartments.com/oakland-ca/,"Hillside Village
1801 Shattuck Ave, Berkeley, CA 94709
Videos
Studio
$3,115
1 Bed
$3,210+
2 Beds+
$1,900+
Total Monthly Price

Pets Allowed Maintenance on site Heat High-Speed Internet Stainless Steel Appliances Controlled Access Granite Countertops

(510) 680-1868
Email"
https://www.apartments.com/oakland-ca/,"Aquatic Fourth Street
2010 5th St, Berkeley, CA 94710
Virtual Tours
Studio
$2,804+
1 Bed
$2,992+
2 Beds
$3,849+
Total Monthly Price
SPECIALS

Pets Allowed Fitness Center In Unit Washer & Dryer High-Speed Internet Elevator Rooftop Deck

(510) 588-5910
Email"
https://www.apartments.com/oakland-ca/,"The Durant (new)
2631 Durant Ave, Berkeley, CA 94704
Videos
Virtual Tours
Studio
$1,800+
2 Beds
$1,450+
Total Monthly Price

Refrigerator Kitchen Range Microwave CableReady Oven

(341) 999-2396
Email"
https://www.apartments.com/oakland-ca/,"Launch
1777 Clement Ave, Alameda, CA 94501
Videos
Virtual Tours
Studio
$2,589+
1 Bed
$3,142+
2 Beds
$3,870+
Total Monthly Price
1 MONTH FREE

Pets Allowed Fitness Center Clubhouse Business Center Controlled Access Elevator EV Charging

(628) 250-2714
Email"
https://www.apartments.com/oakland-ca/,"Driftwood Lagoon Apartments
624 Willow St, Alameda, CA 94501
Videos
Virtual Tours
1 Bed
$2,495
2 Beds
$3,095
SPECIALS

Pool Dishwasher Refrigerator Kitchen Balcony Range Disposal

(510) 756-5234
Email"
https://www.apartments.com/oakland-ca/,"Waterfront Apartments
2051 Shoreline Dr, Alameda, CA 94501
Virtual Tours
1 Bed
$2,395
2 Beds
$2,775+

Pool Kitchen Balcony Range Heat High-Speed Internet Tub / Shower

(510) 756-3664
Email"
https://www.apartments.com/oakland-ca/,"RICA VISTA
1825 Poggi St, Alameda, CA 94501
Videos
Virtual Tours
1 Bed
$2,163+
2 Beds
$1,919+
SPECIALS

Pets Allowed Fitness Center Pool High-Speed Internet Stainless Steel Appliances Grill Granite Countertops

(510) 567-7578
Email"
https://www.apartments.com/palo-alto-ca/,"Sevens
777 W Middlefield Rd, Mountain View, CA 94043
Virtual Tours
Studio
$3,754+
1 Bed
$3,826+
2 Beds
$5,463+
Total Monthly Price
SPECIALS

Pets Allowed Fitness Center Pool In Unit Washer & Dryer Walk-In Closets Package Service Courtyard

(949) 390-5458
Email"
https://www.apartments.com/palo-alto-ca/,"Fayette Arms Apartments
2680 Fayette Dr, Mountain View, CA 94040
Virtual Tours
1 Bed
$2,484+
2 Beds
$3,430+

Pets Allowed Pool Balcony Stainless Steel Appliances Controlled Access Laundry Facilities Smoke Free

(650) 800-8898
Email"
https://www.apartments.com/palo-alto-ca/,"Woodland Park
45 Newell Rd, East Palo Alto, CA 94303
Virtual Tours
Studio - 4 Beds
Call for Rent
SPECIALS

Pets Allowed Pool High-Speed Internet Gated Playground

(650) 414-3532
Email"
https://www.apartments.com/palo-alto-ca/,"Landsby
2580-2590 California St, Mountain View, CA 94040
Virtual Tours
Studio
$3,779+
1 Bed
$3,767+
2 Beds+
$5,258+
Total Monthly Price
SPECIALS

Pets Allowed Fitness Center Pool In Unit Washer & Dryer Stainless Steel Appliances Controlled Access Hardwood Floors

(650) 788-1605
Email"
https://www.apartments.com/palo-alto-ca/,"Rowe at Pear Village
1265 Pear Ave, Mountain View, CA 94043
Videos
Virtual Tours
1 Bed
$3,769+
2 Beds
$5,229+
Total Monthly Price
1 MONTH FREE

Pets Allowed Fitness Center Pool In Unit Washer & Dryer Clubhouse High-Speed Internet Stainless Steel Appliances

(650) 695-6885
Email"
https://www.apartments.com/palo-alto-ca/,"Birch Creek
575 S Rengstorff Ave, Mountain View, CA 94040
Virtual Tours
1 Bed
$3,081+
2 Beds
$3,915+

Pets Allowed Fitness Center Pool Dishwasher In Unit Washer & Dryer Walk-In Closets Clubhouse

(650) 644-4762
Email"
https://www.apartments.com/palo-alto-ca/,"Park Square Apartments
1285 Montecito Ave, Mountain View, CA 94043
Videos
Virtual Tours
Studio
$2,250+
1 Bed
$2,875

Cats Allowed Fitness Center Pool Dishwasher Refrigerator Kitchen

(650) 215-6875
Email"
https://www.apartments.com/palo-alto-ca/,"Verve
2020 W El Camino Real, Mountain View, CA 94040
Videos
Virtual Tours
1 Bed
$3,703+
2 Beds
$4,939+

Pets Allowed Fitness Center Pool In Unit Washer & Dryer Walk-In Closets Clubhouse

(650) 644-4779
Email"
https://www.apartments.com/palo-alto-ca/,"Springline
550 Oak Grove, Menlo Park, CA 94025
Videos
Virtual Tours
1 Bed
$5,487+
2 Beds
$9,488+
3 Beds
$17,489

Pets Allowed Fitness Center Pool In Unit Washer & Dryer Clubhouse Package Service Elevator

(650) 414-3907
Email"
